Path;Dijkstra;A Star;Ours;Dijkstra;A Star;Ours;
41-4;0.16980805931613385;0.16980805931613385;0;0.0002536773681640625;0.0003516674041748047;1.0005574226379395;
17-27;0.10642639525481401;0.10642639525481401;0;0.00016880035400390625;0.00022220611572265625;1.0007073879241943;
54-37;0.18173352729754388;0.18173352729754388;0;0.0002243518829345703;0.0005018711090087891;1.0004844665527344;
62-61;0.025787465893551853;0.025787465893551853;0;0.00010967254638671875;9.083747863769531e-05;1.0003693103790283;
53-2;0.11181882323830161;0.11181882323830161;0;0.00016689300537109375;0.00030231475830078125;1.0001912117004395;
